code,response,type,date
x13190323,200,incremental,2023-03-23
x13190323,200,incremental,2023-04-04
x20260323,200,incremental,2023-04-04
x27020423,200,incremental,2023-04-04
x03090423,404,incremental,2023-04-10
x03090423,404,incremental,2023-04-10
x03090423,200,incremental,2023-04-13
x03090423,200,incremental,2023-04-13
x10160423,200,incremental,2023-04-18
x17230423,200,incremental,2023-04-27
x17230423,200,incremental,2023-04-27
x24300423,200,incremental,2023-05-12
x01070523,200,incremental,2023-05-12
x24300423,200,incremental,2023-05-12
x01070523,200,incremental,2023-05-12
